<?xml version="1.0" encoding="UTF-8" standalone="yes"?>
<addon id="xbmc.repo.fvideo" name="Fvideo Repository" version="1.0.0" provider-name="choehn">
	<extension point="xbmc.addon.repository" name="Official XBMC.org Add-on Repository">
		<info compressed="true">https://raw.githubusercontent.com/taikhoanonlinevn/all/master/addons.xml</info>
		<checksum></checksum>
		<datadir zip="true">https://raw.githubusercontent.com/taikhoanonlinevn/all/master</datadir>
		<hashes>true</hashes>
	</extension>
	<extension point="xbmc.addon.metadata">
		<summary>Play Video from Fshare</summary>
		<description>FVideo</description>
		<language>en</language>
		<platform>all</platform>
		<license>GNU General Public License - v2</license>
		<source>https://github.com/taikhoanonlinevn/fvideo</source>
		<email>taikhoanonlinevn@gmail.com</email>
	</extension>
</addon>